{"cameraMode":{"drawMode":0,"name":"Shaded","section":"Shading Mode"},"sceneLighting":true,"audioPlay":false,"sceneViewState":{"showFog":true,"showMaterialUpdate":false,"showSkybox":true,"showFlares":true,"showImageEffects":true,"showParticleSystems":true},"in2DMode":false,"pivot":{"x":252.16259765625,"y":87.00274658203125,"z":70.71823120117188},"rotation":{"x":0.09308702498674393,"y":-0.1811678558588028,"z":0.017228124663233758,"w":0.978886067867279},"size":1101.45849609375,"orthographic":false}